{"accuracy": [0.34333333373069763, 0.4955555498600006, 0.6811110973358154, 0.8177777528762817, 0.8133333325386047, 0.8733333349227905, 0.9166666865348816, 0.9288889169692993, 0.9511111378669739, 0.95333331823349], "loss": [1.3865364789962769, 0.9914368391036987, 0.6851316094398499, 0.4357810914516449, 0.4085944890975952, 0.2868354916572571, 0.21497541666030884, 0.18787001073360443, 0.14529255032539368, 0.11390082538127899], "val_accuracy": [0.5333333611488342, 0.5333333611488342, 0.7766666412353516, 0.7733333110809326, 0.9066666960716248, 0.9133333563804626, 0.9366666674613953, 0.9333333373069763, 0.9599999785423279, 0.9366666674613953], "val_loss": [1.0452884435653687, 0.9274170994758606, 0.47666260600090027, 0.482345849275589, 0.23025980591773987, 0.23928166925907135, 0.16368894279003143, 0.15638528764247894, 0.11946550756692886, 0.17346303164958954]}